Top pages,Clicks,Impressions,CTR,Position
https://www.pixelversestudios.io/,9,61,14.75%,3.62
https://pixelversestudios.io/,6,31,19.35%,2
https://pixelversestudios.io/services/bergen-county,0,29,0%,28.48
https://pixelversestudios.io/services/fort-lee,0,17,0%,10.53
https://www.pixelversestudios.io/about,0,14,0%,8.43
https://pixelversestudios.io/about,0,11,0%,6.27
https://www.pixelversestudios.io/services/bergen-county,0,7,0%,49.14
https://pixelversestudios.io/services/bergenfield,0,7,0%,86.43
https://pixelversestudios.io/contact,0,4,0%,6.25
https://www.pixelversestudios.io/services/cliffside-park,0,3,0%,4.33
https://pixelversestudios.io/packages,0,2,0%,1
https://pixelversestudios.io/portfolio,0,2,0%,1
https://pixelversestudios.io/services,0,2,0%,1
https://www.pixelversestudios.io/portfolio,0,2,0%,5
https://www.pixelversestudios.io/contact,0,2,0%,7
https://www.pixelversestudios.io/styleguide,0,2,0%,10.5
https://pixelversestudios.io/services/englewood,0,2,0%,20
https://pixelversestudios.io/contact/bergen-county,0,2,0%,92
https://pixelversestudios.io/blog,0,1,0%,1
https://pixelversestudios.io/faq,0,1,0%,1
https://www.pixelversestudios.io/services/hackensack,0,1,0%,1
https://pixelversestudios.io/contact/cliffside-park,0,1,0%,2
https://pixelversestudios.io/contact/hackensack,0,1,0%,2
https://pixelversestudios.io/styleguide,0,1,0%,11
https://pixelversestudios.io/contact/fort-lee,0,1,0%,15
https://www.pixelversestudios.io/services/fort-lee,0,1,0%,23
https://pixelversestudios.io/services/paramus,0,1,0%,67